{"2": {"pred_mode": {"components": ["37", "47"], "accuracy": 0.9070030895983522}, "prob_mean_arith": {"components": ["34", "37"], "accuracy": 0.9098867147270856}, "odds_mean_geom": {"components": ["34", "37"], "accuracy": 0.9098867147270856}}, "3": {"pred_mode": {"components": ["31", "34", "47"], "accuracy": 0.9092687950566426}, "prob_mean_arith": {"components": ["17", "31", "34"], "accuracy": 0.9105046343975284}, "odds_mean_geom": {"components": ["34", "37", "47"], "accuracy": 0.9097837281153449}}, "4": {"pred_mode": {"components": ["34", "37", "47", "6"], "accuracy": 0.9101956745623068}, "prob_mean_arith": {"components": ["17", "31", "34", "47"], "accuracy": 0.9093717816683832}, "odds_mean_geom": {"components": ["17", "31", "34", "47"], "accuracy": 0.9097837281153449}}, "5": {"pred_mode": {"components": ["31", "34", "37", "47", "62"], "accuracy": 0.911328527291452}, "prob_mean_arith": {"components": ["34", "37", "47", "6", "baseline"], "accuracy": 0.9100926879505664}, "odds_mean_geom": {"components": ["17", "31", "34", "43", "47"], "accuracy": 0.9101956745623068}}}