,pred_mode,prob_mean_arith,odds_mean_geom
2,0.9072305183659456,0.9090156196361141,0.9090156196361141
3,0.9092046264754821,0.9092624574189979,0.9092323536401818
4,0.9086645648131187,0.9093823119967858,0.9093747301603404
5,0.9094134273493275,0.9094701827448496,0.9094580047659419
