,pred_mode,prob_mean_arith,odds_mean_geom,conf_max
2,0.9174957118353344,0.9191100797094138,0.9191100797094138,0.9191100797094138
3,0.9195540308747857,0.9201089698315004,0.9199677126425184,0.9196952880637677
4,0.9199475330440924,0.9198869942488145,0.9200887902330743,0.9199475330440924
5,0.9192816062960348,0.9201896882252044,0.9201896882252044,0.9198869942488144
