,acc,mcc,tp,tn,fp,fn,auroc,auprc
test,0.8731,0.7460815301025577,4485,4246,654,615,0.9422268107242896,0.9408299991701687
