,acc,mcc,tp,tn,fp,fn,auroc,auprc
test,0.8098,0.623059597246399,4449,3649,1251,651,0.893669787915166,0.8848133529536416
