,pred_mode,prob_mean_arith,odds_mean_geom
2,0.9059775145897705,0.9081788534157221,0.9081788534157221
3,0.9083910322427311,0.9086675116850184,0.9086706805038419
4,0.9078956402334326,0.9089442503353912,0.9089358260726714
5,0.9087473219722555,0.9090625211423303,0.9090724439399543
